state,statehouse_district_number,full_name,first_name,middle_name,last_name,suffix,party_code,incumbent_status,withdrew_status,disqualified_status,notes
NV,1,Garland Brinkley,Garland,,Brinkley,,100,0,0,0,
NV,1,Daniele Monroe-Moreno,Daniele,,Monroe-Moreno,,200,1,0,0,
NV,2,Heidi Kasama,Heidi,,Kasama,,100,1,0,0,
NV,2,Ron Nelsen,Ron,,Nelsen,,200,0,0,0,
NV,3,"Maximillian ""Millian"" Quinteros",Maximillian,Millian,Quinteros,,300,0,1,0,Libertarian Party
NV,3,Michele Rizza,Michele,,Rizza,,100,0,0,0,
NV,3,Selena Elizabeth Torres,Selena,Elizabeth,Torres,,200,1,0,0,
NV,4,Lisa Cole,Lisa,,Cole,,100,0,0,0,
NV,4,Ryan Hampton,Ryan,,Hampton,,200,0,0,0,
NV,5,Alan Bigelow,Alan,,Bigelow,,100,0,0,0,
NV,5,Kelly Quinn,Kelly,,Quinn,,100,0,0,0,
NV,5,Brittney M. Miller,Brittney,M.,Miller,,200,1,0,0,
NV,5,Ronald Morgan,Ronald,,Morgan,,300,0,0,0,Libertarian Party
NV,6,Jovan Alexander Jackson,Jovan,Alexander,Jackson,,200,0,0,0,
NV,6,"Derek A. ""Bish"" Rimson",Derek,"A ""Bish""",Rimson,,200,0,0,0,
NV,6,Geraldine Lewis,Geraldine,,Lewis,,100,0,1,0,
NV,6,"Nephi ""Khaliki"" Oliva",Nephi,Khaliki,Oliva,,100,0,0,0,
NV,6,"Walter ""Boo"" Jones III",Walter,Boo,Jones,III,300,0,0,0,No Political Party
NV,7,James M. Fennell,James,M.,Fennell,,200,0,0,0,
NV,7,Tanya Flanagan,Tanya,,Flanagan,,200,0,0,0,
NV,8,Kelly Chapman,Kelly,,Chapman,,100,0,0,0,
NV,8,Duy Nguyen,Duy,,Nguyen,,200,1,0,0,
NV,9,Adeline Celio,Adeline,,Celio,,200,0,0,0,
NV,9,Steve Yeager,Steve,,Yeager,,200,1,0,0,
NV,9,Erica A. Neely,Erica,A.,Neely,,100,0,0,0,
NV,10,Kyle Greenwood,Kyle,,Greenwood,,200,0,0,0,
NV,10,Venise L. Karris,Venise,L.,Karris,,200,0,0,0,
NV,10,Val Thomason,Val,,Thomason,,200,0,0,0,
NV,10,Sean Moore,Sean,,Moore,,300,0,0,0,Libertarian Party
NV,11,Thomas Lambert,Thomas,,Lambert,,200,0,0,0,
NV,11,Cinthia Moore,Cinthia,,Moore,,200,0,0,0,
NV,11,Jeffrey A. Lustick,Jeffrey,A.,Lustick,,100,0,0,0,
NV,11,Anthony Manesa,Anthony,,Manesa,,100,0,0,0,
NV,12,Max Carter II,Max,,Carter,II,200,1,0,0,
NV,12,Nancy S. Roecker,Nancy,S.,Roecker,,100,0,0,0,
NV,12,Al Rojas,Al,,Rojas,,100,0,0,0,
NV,13,Daniel Andrews,Daniel,,Andrews,,200,0,0,0,
NV,13,Brian Hibbetts,Brian,,Hibbetts,,100,1,0,0,
NV,14,Erica Mosca,Erica,,Mosca,,200,1,0,0,
NV,15,Melissa Lynn Spence,Melissa,Lynn,Spence,,100,0,0,0,
NV,15,Howard Watts,Howard,,Watts,,200,1,0,0,
NV,15,Jordy Prado,Jordy,,Prado,,300,0,0,0,Libertarian Party
NV,16,Eva Olivia Chase,Eva,Olivia,Chase,,200,0,0,0,
NV,16,Cecelia González,Cecelia,,González,,200,1,0,0,
NV,16,Benjamin M. Donlon,Benjamin,M.,Donlon,,100,0,0,0,
NV,16,Socorro Keenan,Socorro,,Keenan,,100,0,0,0,
NV,16,James William Neville,James,William,Neville,,100,0,0,0,
NV,16,Jose Pena,Jose,,Pena,,300,0,0,0,Libertarian Party
NV,17,Linda F. Hunt,Linda,F.,Hunt,,200,0,0,0,
NV,17,Mishon D. Montgomery,Mishon,D.,Montgomery,,200,0,0,0,
NV,17,Chauntille Roberts,Chauntille,,Roberts,,200,0,0,0,
NV,17,Robert J. Olson,Robert,J.,Olson,,100,0,0,0,
NV,18,"Antario ""Tiger"" Brown",Antario,Tiger,Brown,,100,0,0,0,
NV,18,Venicia Considine,Venicia,,Considine,,200,1,0,0,
NV,19,"Thaddeus ""Toby"" Yurek",Thaddeus,Toby,Yurek,,100,1,0,0,
NV,20,David Orentlicher,David,,Orentlicher,,200,1,0,0,
NV,20,Stan Vaughan,Stan,,Vaughan,,100,0,0,0,
NV,21,April Arndt,April,,Arndt,,100,0,0,0,
NV,21,Jon Petrick,Jon,,Petrick,,100,0,0,0,
NV,21,Elaine Marzola,Elaine,,Marzola,,200,1,0,0,
NV,22,Melissa Hardy,Melissa,,Hardy,,100,1,0,0,
NV,23,Danielle Gallant,Danielle,,Gallant,,100,1,0,0,
NV,24,Michael Bellaty,Michael,,Bellaty,,200,0,1,0,
NV,24,Erica Roth,Erica,,Roth,,200,0,0,0,
NV,24,"Terisia ""Teri"" Kolesnick",Terisia,Teri,Kolesnick,,100,0,0,0,
NV,25,Selena La Rue Hatch,Selena,La Rue,Hatch,,200,1,0,0,
NV,25,Diana Sande,Diana,,Sande,,100,0,0,0,
NV,26,Rich DeLong,Rich,,DeLong,,100,1,0,0,
NV,26,Scott Savage,Scott,,Savage,,200,0,0,0,
NV,26,"Diane ""Nevada Moon"" Sullivan",Diane,Nevada Moon,Sullivan,,200,0,0,0,
NV,27,Heather Goulding,Heather,,Goulding,,200,0,0,0,
NV,27,Alex Velto,Alex,,Velto,,200,0,0,0,
NV,27,Carmen Ortiz,Carmen,,Ortiz,,100,0,0,0,
NV,28,Reuben D'Silva,Reuben,,D'Silva,,200,1,0,0,
NV,29,Joe Dalia,Joe,,Dalia,,200,0,0,0,
NV,29,Annette Dawson Owens,Annette,,Dawson Owens,,100,0,0,0,
NV,29,Yadusha Williams,Yadusha,,Williams,,100,0,0,0,
NV,30,Natha C. Anderson,Natha,C.,Anderson,,200,1,0,0,
NV,30,Morgan Kolvet,Morgan,,Kolvet,,300,0,0,0,No Political Party
NV,31,Jill Dickman,Jill,,Dickman,,100,1,0,0,
NV,31,Stuart MacKie,Stuart,,MacKie,,200,0,0,0,
NV,32,Jason Bushey,Jason,,Bushey,,100,0,0,0,
NV,32,Alexis M. Hansen,Alexis,M.,Hansen,,100,1,0,0,
NV,32,Arnold W. Thomas,Arnold,W.,Thomas,,200,0,0,0,
NV,32,John C. Gerhardt,John,C.,Gerhardt,,300,0,0,0,No Political Party
NV,33,Bert K. Gurr,Bert,K.,Gurr,,100,1,0,0,
NV,33,Darryl Baber,Darryl,,Baber,,300,0,0,0,Libertarian Party
NV,34,Brandon Davis,Brandon,,Davis,,100,0,0,0,
NV,34,Clem Ziroli III,Clem,,Ziroli,III,100,0,0,0,
NV,34,Hanadi Nadeem,Hanadi,,Nadeem,,200,0,0,0,
NV,35,Rebecca Edgeworth,Rebecca,,Edgeworth,,100,0,0,0,
NV,35,Sharifa Wahab,Sharifa,,Wahab,,200,0,0,0,
NV,36,Marlene Drake,Marlene,,Drake,,200,0,0,0,
NV,36,Gregory Hafen II,Gregory,,Hafen,II,100,1,0,0,
NV,37,Shea Backus,Shea,,Backus,,200,1,0,0,
NV,37,David Brog,David,,Brog,,100,0,0,0,
NV,38,Gregory S. Koenig,Gregory,S.,Koenig,,100,1,0,0,
NV,39,Ken Gray,Ken,,Gray,,100,1,0,0,
NV,39,Erich Obermayr,Erich,,Obermayr,,200,0,0,0,
NV,40,"Philip ""PK"" O'Neill",Philip,PK,O'Neill,,100,1,0,0,
NV,40,Drew Ribar,Drew,,Ribar,,100,0,0,0,
NV,40,Katherine Ramsey,Katherine,,Ramsey,,200,0,0,0,
NV,41,Rafael Arroyo,Rafael,,Arroyo,,100,0,0,0,
NV,41,Guadalupe Reyes,Guadalupe,,Reyes,,100,0,0,0,
NV,41,Sandra Jauregui,Sandra,,Jauregui,,200,1,0,0,
NV,42,Tracy Brown-May,Tracy,,Brown-May,,200,1,0,0,
NV,42,Kevin L. Child,Kevin,L.,Child,,100,0,0,0,
NV,42,"Katrin ""Mrs. Fix It"" Ivanoff",Katrin,Mrs. Fix It,Ivanoff,,100,0,0,0,
NV,42,Sayed Zaidi,Sayed,,Zaidi,,200,0,0,0,
MI,1,Tyrone Carter,Tyrone,,Carter,,200,1,0,0,
MI,1,Ziad Abdulmalik,Ziad,,Abdulmalik,,200,0,0,0,
MI,1,Valerie Whittaker,Valerie,,Whittaker,,100,0,0,0,
MI,2,Tullio Liberati Jr.,Tullio,,Liberati,Jr.,200,1,0,0,
MI,2,Frank Liberati,Frank,,Liberati,,200,0,1,0,
MI,2,Ronald Kokinda,Ronald,,Kokinda,,100,0,0,0,
MI,2,Mark DaSacco,Mark,,DaSacco,,300,0,0,0,Working Class Party
MI,3,Alabas Farhat,Alabas,,Farhat,,200,1,0,0,
MI,3,Ziad Abdulmalik,Ziad,,Abdulmalik,,200,0,0,0,
MI,3,Gus Tarraf,Gus,,Tarraf,,200,0,0,0,
MI,3,Richard A Zeile,Richard,A,Zeile,,100,0,0,0,
MI,3,Larry Betts,Larry,,Betts,,300,0,0,0,Working Class Party
MI,4,Karen Whitsett,Karen,,Whitsett,,200,1,0,0,
MI,4,Gus Tarraf,Gus,,Tarraf,,200,0,1,0,
MI,4,Tonya Wells,Tonya,,Wells,,100,0,0,1,
MI,5,Natalie Price,Natalie,,Price,,200,1,1,0,
MI,5,Crystal Bailey,Crystal,,Bailey,,200,0,0,0,
MI,5,Myya Jones,Myya,,Jones,,200,0,0,1,
MI,5,Kevin Keys III,Kevin,,Keys,III,200,0,0,0,
MI,5,Eric Love,Eric,,Love,,200,0,0,0,
MI,5,Regina Weiss,Regina,,Weiss,,200,1,0,0,
MI,5,Will Sears,Will,,Sears,,100,0,0,0,
MI,6,Natalie Price,Natalie,,Price,,200,1,0,0,
MI,6,Joseph R Fisher,Joseph,R,Fisher,,200,0,0,0,
MI,6,Eric Love,Eric,,Love,,200,0,1,0,
MI,6,Brent M Lamkin,Brent,M,Lamkin,,100,0,0,0,
MI,7,Abraham Aiyash,Abraham,,Aiyash,,200,1,1,0,
MI,7,Ernest T Little,Ernest,T,Little,,200,0,0,0,
MI,7,Tonya Myers Phillips,Tonya,Myers,Phillips,,200,0,0,0,
MI,7,Abraham D Shaw,Abraham,D,Shaw,,200,0,0,0,
MI,7,Barry L Altman,Barry,L,Altman,,100,0,0,0,
MI,7,Shelby Wininger,Shelby,,Wininger,,100,0,0,0,
MI,7,Linda Rayburn,Linda,,Rayburn,,300,0,0,0,Working Class Party
MI,8,LaTanya Garrett,LaTanya,,Garrett,,200,0,0,1,
MI,8,Chris Gilmer-Hill,Chris,,Gilmer-Hill,,200,0,0,0,
MI,8,Helena Scott,Helena,,Scott,,200,1,0,0,
MI,8,Alex Kuhn,Alex,,Kuhn,,100,0,0,0,
MI,8,Logan Ausherman,Logan,,Ausherman,,300,0,0,0,Working Class Party
MI,9,Bobby Christian,Bobby,,Christian,,200,0,1,0,
MI,9,Ryan M Nelson,Ryan,M,Nelson,,200,0,0,0,
MI,9,Lory Renea Parks,Lory,Renea,Parks,,200,0,0,0,
MI,9,Joe Tate,Joe,,Tate,,200,1,0,0,
MI,9,Michele Lundgren,Michele,,Lundgren,,100,0,0,0,
MI,10,Justin Counts,Justin,,Counts,,200,0,0,0,
MI,10,Veronica Paiz,Veronica,,Paiz,,200,1,0,0,
MI,10,Washington Youson,Washington,,Youson,,200,0,0,1,
MI,10,Griffin Wojtowicz,Griffin,,Wojtowicz,,100,0,0,0,
MI,11,Donavan McKinney,Donavan,,McKinney,,200,1,0,0,
MI,11,Dale J Walker,Dale,J,Walker,,100,0,0,0,
MI,12,Kimberly Edwards,Kimberly,,Edwards,,200,1,0,0,
MI,12,Patrick S Biange,Patrick,S,Biange,,200,0,0,0,
MI,12,Angela E McIntosh,Angela,E,McIntosh,,200,0,0,0,
MI,12,Randell J Shafer,Randell,J,Shafer,,100,0,0,0,
MI,13,Patricia Johnson Singleton,Patricia,Johnson,Singleton,,200,0,0,0,
MI,13,Richard M Steenland,Richard,M,Steenland,,200,0,0,0,
MI,13,Mai Xiong,Mai,,Xiong,,200,1,0,0,
MI,13,Jerrie Bowl Billelo,Jerrie,Bowl,Billelo,,100,0,0,0,
MI,13,Mark T Foster,Mark,T,Foster,,100,0,0,0,
MI,13,John Sheets,John,,Sheets,,100,0,0,0,
MI,13,Ronald Singer,Ronald,,Singer,,100,0,0,0,
MI,13,Hashim Malik Bakari,Hashim,Malik,Bakari,,300,0,0,0,Working Class Party
MI,14,James R Fouts,James,R,Fouts,,200,0,0,0,
MI,14,Mike McFall,Mike,,McFall,,200,1,0,0,
MI,14,Barbara Barber,Barbara,,Barber,,100,0,0,0,
MI,15,Erin Byrnes,Erin,,Byrnes,,200,1,0,0,
MI,15,Gary Edward Gardner,Gary,Edward,Gardner,,100,0,0,0,
MI,16,Stephanie A. Young,Stephanie,A.,Young,,200,1,0,0,
MI,16,Keith Windham,Keith,,Windham,,200,0,0,0,
MI,16,Brian Duggan,Brian,,Duggan,,100,0,0,0,
MI,16,Linda Green-Harris,Linda,,Green-Harris,,300,0,0,0,Working Class Party
MI,17,Laurie Pohutsky,Laurie,,Pohutsky,,200,1,0,0,
MI,17,Rola Makki,Rola,,Makki,,100,0,0,0,
MI,18,Jason Hoskins,Jason,,Hoskins,,200,1,0,0,
MI,18,Mordechai Klainberg,Mordechai,,Klainberg,,100,0,0,0,
MI,19,Samantha Steckloff,Samantha,,Steckloff,,200,1,0,0,
MI,19,Kevin J Hammer,Kevin,J,Hammer,,100,0,0,0,
MI,20,Noah Arbit,Noah,,Arbit,,200,1,0,0,
MI,20,Hermon Barbe,Hermon,,Barbe,,100,0,0,0,
MI,20,Brendan Cowley,Brendan,,Cowley,,100,0,0,0,
MI,21,Kelly Breen,Kelly,,Breen,,200,1,0,0,
MI,21,Thomas Konesky,Thomas,,Konesky,,100,0,0,0,
MI,21,James Young,James,,Young,,300,0,0,0,Libertarian Party
MI,22,Matt Koleszar,Matt,,Koleszar,,200,1,0,0,
MI,22,Christian Charette,Christian,,Charette,,100,0,0,0,
MI,22,Adam A Stathakis,Adam,A,Stathakis,,100,0,0,0,
MI,23,Jason Morgan,Jason,,Morgan,,200,1,0,0,
MI,23,Miriam Corvino,Miriam,,Corvino,,100,0,0,0,
MI,23,David Stamp,David,,Stamp,,100,0,0,0,
MI,23,Christian Marudas,Christian,,Marudas,,300,0,0,0,Green Party
MI,24,Ranjeev Puri,Ranjeev,,Puri,,200,1,0,0,
MI,24,Leonard C Scott,Leonard,C,Scott,,100,0,0,0,
MI,25,Peter Herzberg,Peter,,Herzberg,,200,0,0,0,
MI,25,Melandie Yvonee Hines,Melandie,Yvonee,Hines,,200,0,0,0,
MI,25,Salif Kourouma,Salif,,Kourouma,,200,0,0,0,
MI,25,Lekisha M Maxwell,Lekisha,M,Maxwell,,200,0,0,0,
MI,25,Layla Taha,Layla,,Taha,,200,0,0,0,
MI,25,Josh Powell,Josh,,Powell,,100,0,0,0,
MI,26,Dylan Wegela,Dylan,,Wegela,,200,1,0,0,
MI,26,DeArtriss Coleman-Richardson,DeArtriss,,Coleman-Richardson,,200,0,0,0,
MI,26,Jeff Gorman,Jeff,,Gorman,,100,0,0,0,
MI,27,Jaime Churches,Jaime,,Churches,,200,1,0,0,
MI,27,Cody Dill,Cody,,Dill,,100,0,0,0,
MI,27,Rylee Linting,Rylee,,Linting,,100,0,0,0,
MI,27,Maria Mendoza-Boc,Maria,,Mendoza-Boc,,100,0,0,0,
MI,27,Frank A Tarnowski Jr,Frank,A,Tarnowski,Jr,100,0,1,0,
MI,28,Jamie Thompson,Jamie,,Thompson,,100,1,0,0,
MI,28,Joe DeSana,Joe,,DeSana,,100,0,1,0,
MI,28,Beth Ann Socia,Beth,Ann,Socia,,100,0,0,0,
MI,28,Janise O'Neil Robinson,Janise,,O'Neil Robinson,,200,0,0,0,
MI,29,James DeSana,James,,DeSana,,100,1,0,0,
MI,29,Kyle Wright,Kyle,,Wright,,200,0,0,0,
MI,30,William Bruck,William,,Bruck,,100,1,0,0,
MI,30,Rick Kull,Rick,,Kull,,200,0,0,0,
MI,31,Reggie Miller,Reggie,,Miller,,200,1,0,0,
MI,31,Dale Biniecki,Dale,,Biniecki,,100,0,0,0,
MI,32,Jimmie Wilson Jr.,Jimmie,,Wilson,Jr.,200,1,0,0,
MI,32,James Chapman,James,,Chapman,,100,0,0,0,
MI,32,Martin A Church,Martin,A,Church,,100,0,0,0,
MI,32,Jonathan Hoover,Jonathan,,Hoover,,100,0,0,0,
MI,32,Ryan Sample,Ryan,,Sample,,300,0,0,0,Green Party
MI,33,Morgan Foreman,Morgan,,Foreman,,200,0,0,0,
MI,33,Rima Mohammad,Rima,,Mohammad,,200,0,0,0,
MI,33,Alan L Dettling,Alan,L,Dettling,,100,0,1,0,
MI,33,Jason Rogers,Jason,,Rogers,,100,0,0,0,
MI,34,Nancy Jenkins-Arno,Nancy,,Jenkins-Arno,,100,0,0,0,
MI,34,John E Dahlgren,John,E,Dahlgren,,200,0,0,0,
MI,35,Tom Matthew,Tom,,Matthew,,100,0,0,0,
MI,35,Adam K Stockford,Adam,K,Stockford,,100,0,0,0,
MI,35,Jennifer Wortz,Jennifer,,Wortz,,100,0,0,0,
MI,35,Don Hicks,Don,,Hicks,,200,0,0,0,
MI,36,Steve Carra,Steve,,Carra,,100,1,0,0,
MI,36,Michael Malmborg,Michael,,Malmborg,,100,0,0,0,
MI,36,Frank Perez,Frank,,Perez,,100,0,0,0,
MI,36,Erin L Schultes,Erin,L,Schultes,,200,0,0,0,
MI,37,Brad Paquette,Brad,,Paquette,,100,1,0,0,
MI,37,Angela Jones,Angela,,Jones,,200,0,0,0,
MI,38,Joey Andrews,Joey,,Andrews,,200,1,0,0,
MI,38,George Lucas,George,,Lucas,,100,0,0,0,
MI,38,Kevin Whiteford,Kevin,,Whiteford,,100,0,0,0,
MI,39,Pauline Wendzel,Pauline,,Wendzel,,100,1,0,0,
MI,39,Richard Overton,Richard,,Overton,,100,0,0,0,
MI,39,Kerry Tapper,Kerry,,Tapper,,200,0,0,0,
MI,39,Jared Polonowski,Jared,,Polonowski,,200,0,0,0,
MI,40,Lisa Brayton,Lisa,,Brayton,,200,0,0,0,
MI,40,Matt Longjohn,Matt,,Longjohn,,200,0,0,0,
MI,40,Abby Wheeler,Abby,,Wheeler,,200,0,1,0,
MI,40,Kelly Sackett,Kelly,,Sackett,,100,0,0,0,
MI,41,Julie Rogers,Julie,,Rogers,,200,1,0,0,
MI,41,Terry Haines,Terry,,Haines,,100,0,0,0,
MI,41,Nicole C Sabel,Nicole,C,Sabel,,100,0,0,0,
MI,41,Rafael Wolf,Rafael,,Wolf,,300,0,0,0,Libertarian Party
MI,42,Matt Hall,Matt,,Hall,,100,1,0,0,
MI,42,Rich Cutshaw,Rich,,Cutshaw,,100,0,0,0,
MI,42,Austin Marsman,Austin,,Marsman,,200,0,0,0,
MI,43,Rachelle Smit,Rachelle,,Smit,,100,1,0,0,
MI,43,Danene Shumaker,Danene,,Shumaker,,200,0,0,0,
MI,44,Jim Haadsma,Jim,,Haadsma,,200,1,0,0,
MI,44,Steve Frisbie,Steve,,Frisbie,,100,0,0,0,
MI,44,Alexander W Harris,Alexander,W,Harris,,100,0,0,0,
MI,44,Just Shotts,Just,,Shotts,,100,0,0,0,
MI,45,Sarah Lightner,Sarah,,Lightner,,100,1,0,0,
MI,45,Doug Murch,Doug,,Murch,,200,0,0,0,
MI,46,Kathy Schmaltz,Kathy,,Schmaltz,,100,1,0,0,
MI,46,Daniel J Mahoney,Daniel,J,Mahoney,,200,0,0,0,
MI,47,Carrie A Rheingans,Carrie,A,Rheingans,,200,1,0,0,
MI,47,Tammy May Keller,Tammy,May,Keller,,100,0,0,0,
MI,47,Teresa Spiegelberg,Teresa,,Spiegelberg,,100,0,0,0,
MI,47,Aaron Wright,Aaron,,Wright,,300,0,0,0,Green Party
MI,48,Jennifer A Conlin,Jennifer,A,Conlin,,200,1,0,0,
MI,48,Tawn Beliger,Tawn,,Beliger,,100,0,0,0,
MI,48,Brian Ignatowski,Brian,,Ignatowski,,100,0,0,0,
MI,48,Eric Borregard,Eric,,Borregard,,300,0,0,0,Green Party
MI,49,Ann Bollin,Ann,,Bollin,,100,1,0,0,
MI,49,Andy Wood,Andy,,Wood,,200,0,0,0,
MI,50,Robert Bezotte,Robert,,Bezotte,,100,1,0,0,
MI,50,Kristina Lyke,Kristina,,Lyke,,100,0,0,0,
MI,50,Dominic Restuccia,Dominic,,Restuccia,,100,0,0,0,
MI,50,Jason Woolford,Jason,,Woolford,,100,0,0,0,
MI,50,Austin Breuer,Austin,,Breuer,,200,0,0,0,
MI,51,Matt Maddock,Matt,,Maddock,,100,1,0,0,
MI,51,Laura Vogel,Laura,,Vogel,,100,0,1,0,
MI,51,Kevin Ziegler,Kevin,,Ziegler,,100,0,0,0,
MI,51,Sarah May-Seward,Sarah,,May-Seward,,200,0,0,0,
MI,51,Debbie Llewellyn,Debbie,,Llewellyn,,200,0,0,0,
MI,52,Mike Harris,Mike,,Harris,,100,1,0,0,
MI,52,Caroline Dargay,Caroline,,Dargay,,200,0,0,0,
MI,53,Brenda Carter,Brenda,,Carter,,200,1,0,0,
MI,53,Melissa Schultz,Melissa,,Schultz,,100,0,0,0,
MI,54,Donni Steele,Donni,,Steele,,100,1,0,0,
MI,54,Annette LeBaron,Annette,,LeBaron,,100,0,1,0,
MI,54,Shadia Martini,Shadia,,Martini,,200,0,0,0,
MI,55,Mark Tisdel,Mark,,Tisdel,,100,1,0,0,
MI,55,Trevis Harrold,Trevis,,Harrold,,200,0,0,0,
MI,55,Alexander Hawkins,Alexander,,Hawkins,,200,0,0,0,
MI,55,Neil Oza,Neil,,Oza,,200,0,1,0,
MI,56,Sharon MacDonell,Sharon,,MacDonell,,200,1,0,0,
MI,56,Dave Kniffen,Dave,,Kniffen,,100,0,0,0,
MI,57,Thomas E Kuhn,Thomas,E,Kuhn,,100,1,0,0,
MI,57,Aisha Farooqi,Aisha,,Farooqi,,200,0,0,0,
MI,57,Tyler Fox,Tyler,,Fox,,200,0,0,0,
MI,57,Douglas Waggener,Douglas,,Waggener,,200,0,0,0,
MI,58,Nate Shannon,Nate,,Shannon,,200,1,0,0,
MI,58,Donald T Eason,Donald,T,Eason,,100,0,1,0,
MI,58,Roger Goodrich,Roger,,Goodrich,,100,0,0,0,
MI,58,Ron Robinson,Ron,,Robinson,,100,0,0,0,
MI,59,Douglas C Wozniak,Douglas,C,Wozniak,,100,1,0,0,
MI,59,Jean Zott,Jean,,Zott,,100,0,0,0,
MI,59,Jason Pulaski,Jason,,Pulaski,,200,0,0,0,
MI,60,Joseph Aragona,Joseph,,Aragona,,100,1,0,0,
MI,60,Shelly Fraley,Shelly,,Fraley,,200,0,0,0,
MI,61,Denise Mentzer,Denise,,Mentzer,,200,1,0,0,
MI,61,Russ Clearly,Russ,,Clearly,,100,0,0,0,
MI,61,John Grosssenbacher,John,,Grosssenbacher,,100,0,0,0,
MI,61,Robert Woktowicz,Robert,,Woktowicz,,100,0,0,0,
MI,62,Alicia St. Germaine,Alicia,,St. Germaine,,100,1,0,0,
MI,62,Michelle Levine-Woodman,Michelle,,Levine-Woodman,,200,0,0,0,
MI,63,Jay DeBoyer,Jay,,DeBoyer,,100,1,0,0,
MI,63,Michael Zoran,Michael,,Zoran,,100,0,0,0,
MI,63,Robert E Kelly-McFarland,Robert,E,Kelly-McFarland,,200,0,0,0,
MI,64,John Anter,John,,Anter,,200,0,0,0,
MI,64,Mathew Castillo,Mathew,,Castillo,,200,0,0,0,
MI,64,Ken Heuvelman,Ken,,Heuvelman,,200,0,0,0,
MI,64,Jorja Baldwin,Jorja,,Baldwin,,100,0,0,0,
MI,64,Gary R Eisen,Gary,R,Eisen,,100,0,0,0,
MI,64,Jordan Epperson,Jordan,,Epperson,,100,0,1,0,
MI,64,Dan Geiersbach,Dan,,Geiersbach,,100,0,0,0,
MI,64,Ryan Maxon,Ryan,,Maxon,,100,0,0,0,
MI,64,Joseph G Pavlov,Joseph,G,Pavlov,,100,0,0,0,
MI,65,Jaime Greene,Jaime,,Greene,,100,1,0,0,
MI,65,Shirley Tomczak,Shirley,,Tomczak,,200,0,0,0,
MI,66,Josh Schriver,Josh,,Schriver,,100,1,0,0,
MI,66,Randy LeVasseur,Randy,,LeVasseur,,100,0,0,0,
MI,66,Jeffrey M Omtvedt,Jeffrey,M,Omtvedt,,100,0,1,0,
MI,66,Shawn Almeranti-Crosby,Shawn,,Almeranti-Crosby,,200,0,0,0,
MI,67,Phil Green,Phil,,Green,,100,1,0,0,
MI,67,Sherri J Cross,Sherri,J,Cross,,100,0,0,0,
MI,67,Sherry J Marden,Sherry,J,Marden,,100,0,0,0,
MI,67,Anissa J Buffin,Anissa,J,Buffin,,200,0,0,0,
MI,68,David W Martin,David,W,Martin,,100,1,0,0,
MI,68,Tim Sneller,Tim,,Sneller,,200,0,0,0,
MI,69,Jasper Ryan Martus,Jasper,Ryan,Martus,,200,1,0,0,
MI,69,Patrick Duvendeck,Patrick,,Duvendeck,,100,0,0,0,
MI,70,Cynthia R Neeley,Cynthia,R,Neeley,,200,1,0,0,
MI,70,Michael Floyd Clack,Michael,Floyd,Clack,,200,0,0,0,
MI,70,Rob Waskoviak,Rob,,Waskoviak,,100,0,0,0,
MI,71,Brian BeGole,Brian,,BeGole,,100,1,0,0,
MI,71,Kevin Rathbun,Kevin,,Rathbun,,100,0,0,0,
MI,71,Mark D Zacharda,Mark,D,Zacharda,,200,0,0,0,
MI,72,Mike Mueller,Mike,,Mueller,,100,1,0,0,
MI,72,John Dolza,John,,Dolza,,200,0,0,0,
MI,73,Julie Brixie,Julie,,Brixie,,200,1,0,0,
MI,73,Joshua J Rockey,Joshua,J,Rockey,,100,0,0,0,
MI,74,Kara Hope,Kara,,Hope,,200,1,0,0,
MI,74,Tom Izzo,Tom,,Izzo,,100,0,0,0,
MI,75,Penelope Tsernoglou,Penelope,,Tsernoglou,,200,1,0,0,
MI,75,Frank Lambert,Frank,,Lambert,,100,0,0,0,
MI,76,Angela Witwer,Angela,,Witwer,,200,1,0,0,
MI,76,Peter Jones,Peter,,Jones,,100,0,0,0,
MI,76,Andy Shaver,Andy,,Shaver,,100,0,0,0,
MI,77,Emily E Dievendorf,Emily,E,Dievendorf,,200,1,0,0,
MI,77,Angela Mathews,Angela,,Mathews,,200,0,0,0,
MI,77,Julie L DeRose,Julie,L,DeRose,,100,0,0,0,
MI,77,Cady Ness-Smith,Cady,,Ness-Smith,,100,0,0,0,
MI,78,Gina Johnsen,Gina,,Johnsen,,100,1,0,0,
MI,78,Joh Rocha,Joh,,Rocha,,100,0,0,0,
MI,78,Christine M Terpening,Christine,M,Terpening,,200,0,0,0,
MI,79,Angela Rigas,Angela,,Rigas,,100,1,0,0,
MI,79,Jason Rubin,Jason,,Rubin,,200,0,0,0,
MI,80,Phil Skaggs,Phil,,Skaggs,,200,1,0,0,
MI,80,Bill Sage,Bill,,Sage,,100,0,0,0,
MI,81,Stephen Wooden,Stephen,,Wooden,,200,0,0,0,
MI,81,Jordan Youngquist,Jordan,,Youngquist,,100,0,0,0,
MI,82,Kristian Grant,Kristian,,Grant,,200,1,0,0,
MI,82,Ryan Malinoski,Ryan,,Malinoski,,100,0,0,0,
MI,83,John Fitzgerald,John,,Fitzgerald,,200,1,0,0,
MI,83,Cindy Ramirez Amante,Cindy,,Ramirez Amante,,100,0,1,0,
MI,83,Tommy Brann,Tommy,,Brann,,100,0,0,0,
MI,83,Miguel Pilar,Miguel,,Pilar,,100,0,1,0,
MI,84,Carol Glanville,Carol,,Glanville,,200,1,0,0,
MI,84,Justin Rackham,Justin,,Rackham,,200,0,0,0,
MI,84,Ben June,Ben,,June,,100,0,0,0,
MI,84,John Wetzel,John,,Wetzel,,100,0,0,0,
MI,85,Bradley Slagh,Bradley,,Slagh,,100,1,0,0,
MI,85,Marcia Mansaray,Marcia,,Mansaray,,200,0,0,0,
MI,86,Nancy De Boer,Nancy,,DeBoer,,100,1,0,0,
MI,86,Abby Klomparens,Abby,,Klomparens,,200,0,0,0,
MI,87,Will Snyder,Will,,Snyder,,200,1,0,0,
MI,87,Chip Chipman,Chip,,Chipman,,100,0,0,0,
MI,87,Rich McClain,Rich,,McClain,,300,0,0,0,Libertarian Party
MI,88,Greg VanWoerkom,Greg,,VanWoerkom,,100,1,0,0,
MI,88,Tim Meyer,Tim,,Meyer,,200,0,0,0,
MI,89,Luke Meerman,Luke,,Meerman,,100,1,0,0,
MI,89,Lois E Maassen,Lois,E,Maassen,,200,0,0,0,
MI,90,Bryan Posthumus,Bryan,,Posthumus,,100,1,0,0,
MI,90,William J Higgins,William,J,Higgins,,200,0,0,0,
MI,91,Pat Outman,Pat,,Outman,,100,1,0,0,
MI,91,Jason A Dillingham,Jason,A,Dillingham,,200,0,0,0,
MI,92,Jerry Neyer,Jerry,,Neyer,,100,1,0,0,
MI,92,Timothy Odykirk,Timothy,,Odykirk,,200,0,0,0,
MI,93,Tim Kelly,Tim,,Kelly,,100,0,0,0,
MI,93,Kevin C Seamon,Kevin,C,Seamon,,200,0,0,0,
MI,94,Amos O'Neal,Amos,,O'Neal,,200,1,0,0,
MI,94,Geoffrey Weil,Geoffrey,,Weil,,100,0,0,0,
MI,94,Robert E Zelle,Robert,E,Zelle,,100,0,0,0,
MI,95,Bill G Schuette,Bill,G,Schuette,,100,1,0,0,
MI,95,Sabrina Lopez,Sabrina,,Lopez,,200,0,0,0,
MI,96,Timothy Beson,Timothy,,Beson,,100,1,0,0,
MI,96,Chaz Fowler,Chaz,,Fowler,,100,0,0,0,
MI,96,Rudy M Howard Jr,Rudy,M,Howard,Jr,200,0,0,0,
MI,97,Matthew Bierlein,Matthew,,Bierlein,,100,1,0,0,
MI,97,Mark Putnam,Mark,,Putnam,,200,0,0,0,
MI,98,Gregory L Alexander,Gregory,L,Alexander,,100,1,0,0,
MI,98,April L Osentoski,April,L,Osentoski,,200,0,0,0,
MI,99,Mike Hoadley,Mike,,Hoadley,,100,1,0,0,
MI,99,Jon LeRoux,Jon,,LeRoux,,200,0,0,0,
MI,100,Tom Kunse,Tom,,Kunse,,100,1,0,0,
MI,100,Tracy Ruell,Tracy,,Ruell,,200,0,0,0,
MI,100,Jamie McClendon,Jamie,,McClendon,,200,0,0,0,
MI,101,Joseph D Fox,Joseph,D,Fox,,100,1,0,0,
MI,101,Brandon Scott McDonald,Brandon,Scott,McDonald,,100,0,0,0,
MI,101,Christopher R Crain,Christopher,R,Crain,,200,0,0,0,
MI,102,Curt VanderWall,Curt,,VanderWall,,100,1,0,0,
MI,102,Kathy Pelleran-Mahoney,Kathy,,Pelleran-Mahoney,,200,0,0,0,
MI,103,Betsy Coffia,Betsy,,Coffia,,200,1,0,0,
MI,103,Tripp Garcia,Tripp,,Garcia,,100,0,0,0,
MI,103,Katie Kniss,Katie,,Kniss,,100,0,0,0,
MI,103,Lisa Trombley,Lisa,,Trombley,,100,0,0,0,
MI,104,John Roth,John,,Roth,,100,1,0,0,
MI,104,Owen J Suhy,Owen,J,Suhy,,100,0,0,0,
MI,104,Larry Knight,Larry,,Knight,,200,0,0,0,
MI,104,Randy Bishop,Randy,,Bishop,,200,0,1,0,
MI,104,Tyler Lautern,Tyler,,Lautern,,300,0,0,0,Liberatrian Party
MI,104,Cathy Albro,Cathy,,Albro,,300,0,0,0,Independent
MI,105,Ken Borton,Ken,,Borton,,100,1,0,0,
MI,105,Christian Marcus,Christian,,Marcus,,100,0,0,0,
MI,105,James Wojey,James,,Wojey,,200,0,0,0,
MI,106,Cam Cavitt,Cam,,Cavitt,,100,1,0,0,
MI,106,Todd J Smalenberg,Todd,J,Smalenberg,,100,0,0,0,
MI,106,Mary Lucille Hamilton,Mary,Lucille,Hamilton,,200,0,0,0,
MI,106,Trina Borenstein,Trina,,Borenstein,,200,0,0,0,
MI,107,Neil Friske,Neil,,Friske,,100,1,0,0,
MI,107,Jackson Emery Ingalls,Jackson,Emery,Ingalls,,100,0,1,0,
MI,107,Parker Fairbairn,Parker,,Fairbairn,,100,0,0,0,
MI,107,Jodi Decker,Jodi,,Decker,,200,0,0,0,
MI,108,Dave Prestin,Dave,,Prestin,,100,1,0,0,
MI,108,Christiana Reynolds,Christiana,,Reynolds,,200,0,0,0,
MI,108,Kayla Wikstrom,Kayla,,Wikstrom,,300,0,0,0,Libertarian Party
MI,109,Jenn Hill,Jenn,,Hill,,200,1,0,0,
MI,109,Randy Girard,Randy,,Girard,,200,0,0,0,
MI,109,Margaret Brumm,Margaret,,Brumm,,200,0,0,0,
MI,109,Karl Bohnak,Karl,,Bohnak,,100,0,0,0,
MI,109,Burt Mason,Burt,,Mason,,100,0,0,0,
MI,109,Melody Wagner,Melody,,Wagner,,100,0,0,0,
MI,109,George Meister,George,,Meister,,100,0,1,0,
MI,110,Gregory J Markkanen,Gregory,J,Markkanen,,100,1,0,0,
MI,110,Kim S Corcoran,Kim,S,Corcoran,,200,0,0,0,
GA,1,John B Zibluk,John,B,Zibluk,,200,0,0,0,
GA,1,Mike Cameron,Mike,,Cameron,,100,1,0,0,
GA,2,Steve Tarvin,Steve,,Tarvin,,100,1,0,0,
GA,3,Mitchell Horner,Mitchell,,Horner,,100,1,0,0,
GA,4,Kasey Carpenter,Kasey,,Carpenter,,100,1,0,0,
GA,5,Matt Barton,Matt,,Barton,,100,1,0,0,
GA,6,Cathy Kott,Cathy,,Kott,,200,0,0,0,
GA,6,Jason T. Ridley,Jason,T.,Ridley,,100,1,0,0,
GA,7,Johnny Chastain,Johnny,,Chastain,,100,1,0,0,
GA,8,Charlotte Sleczkowski,Charlotte,,Sleczkowski,,200,0,0,0,
GA,8,Dick Mills,Dick,,Mills,,100,0,0,0,
GA,8,Stan Gunter,Stan,,Gunter,,100,1,0,0,
GA,9,William S. Wade,William,S.,Wade,,100,1,0,0,
GA,10,Paulette Williams,Paulette,,Williams,,200,0,0,0,
GA,10,Victor Anderson,Victor,,Anderson,,100,1,0,0,
GA,11,Kayla L. Hollifield,Kayla,L.,Hollifield,,200,0,0,0,
GA,11,Rick Jasperse,Rick,,Jasperse,,100,1,0,0,
GA,12,Eddie Lumsden,Eddie,,Lumsden,,100,1,0,0,
GA,12,Logan Johnson,Logan,,Johnson,,200,0,0,0,
GA,13,Katie Dempsey,Katie,,Dempsey,,100,1,0,0,
GA,13,Kevin Aronhalt,Kevin,,Aronhalt,,200,0,0,0,
GA,14,Mitchell L. Scoggins,Mitchell,L.,Scoggins,,100,1,0,0,
GA,15,Matthew Gambill,Matthew,,Gambill,,100,1,0,0,
GA,16,Trey Kelley,Trey,,Kelley,,100,1,0,0,
GA,17,Martin Momtahan,Martin,,Momtahan,,100,1,0,0,
GA,18,Tyler Paul Smith,Tyler,Paul,Smith,,100,1,0,0,
GA,19,Joseph Gullett,Joseph,,Gullett,,100,1,0,0,
GA,19,RJ Coyle,RJ,,Coyle,,200,0,0,0,
GA,20,Charlice Byrd,Charlice,,Byrd,,100,1,0,0,
GA,21,Brad Thomas,Brad,,Thomas,,100,1,0,0,
GA,21,Gregg Kirkpatrick,Gregg,,Kirkpatrick,,100,0,0,0,
GA,21,Mitchell Simmons,Mitchell,,Simmons,,200,0,0,0,
GA,22,"James ""Jl"" Shade",James,Jl,Shade,,200,0,0,0,
GA,22,Jordan Ridley,Jordan,,Ridley,,100,1,0,0,
GA,22,Paul G. Kettering,Paul,G.,Kettering,,100,0,0,0,
GA,23,Mandi Ballinger,Mandi,,Ballinger,,100,1,0,0,
GA,24,Carter Barrett,Carter,,Barrett,,100,1,0,0,
GA,24,Randye Dugan,Randye,,Dugan,,200,0,0,0,
GA,25,Cary Lucas,Cary,,Lucas,,100,0,0,0,
GA,25,Todd Jones,Todd,,Jones,,100,1,0,0,
GA,25,Elaine Padgett,Elaine,,Padgett,,200,0,0,0,
GA,26,Lakiea J. Bailey,Lakiea,J.,Bailey,,200,0,0,0,
GA,26,Lauren Wylie McDonald III,Lauren,Wylie,McDonald,III,100,1,0,0,
GA,27,Lee Hawkins,Lee,,Hawkins,,100,1,0,0,
GA,28,Brent Cox,Brent,,Cox,,100,1,0,0,
GA,28,Michael D. Henson,Michael,D.,Henson,,200,0,0,0,
GA,29,Matt Dubnik,Matt,,Dubnik,,100,1,0,0,
GA,30,Derrick McCollum,Derrick,,McCollum,,100,1,0,0,
GA,30,Norine Cantor,Norine,,Cantor,,100,0,0,0,
GA,30,Kim Larkin-Floria,Kim,,Larkin-Floria,,200,0,0,0,
GA,31,Emory West Dunahoo Jr,Emory,West,Dunahoo,Jr,100,1,0,0,
GA,32,Chris Erwin,Chris,,Erwin,,100,1,0,0,
GA,33,Alan Powell,Alan,,Powell,,100,1,0,0,
GA,34,Devan Seabaugh,Devan,,Seabaugh,,100,1,0,0,
GA,34,Karl Gallegos,Karl,,Gallegos,,200,0,0,0,
GA,35,Gary Cecil Chaffee,Gary,Cecil,Chaffee,,100,0,0,0,
GA,35,Lisa Gayle Campbell,Lisa,Gayle,Campbell,,200,1,0,0,
GA,36,James F Ryner,James,F,Ryner,,200,0,1,0,
GA,36,Steven Lang,Steven,,Lang,,200,0,1,0,
GA,36,Ginny Ehrhart,Ginny,,Ehrhart,,100,1,0,0,
GA,37,Mary Frances Williams,Mary,Frances,Williams,,200,1,0,0,
GA,37,Shea Taylor,Shea,,Taylor,,100,0,0,0,
GA,38,David Lawrence Wilkerson,David,Lawrence,Wilkerson,,200,1,0,0,
GA,38,Martine Claude Maignan,Martine,Claude,Maignan,,200,0,0,0,
GA,39,Terry Cummings,Terry,,Cummings,,200,1,0,0,
GA,40,Abby Amore,Abby,,Amore,,200,0,0,0,
GA,40,Montenia Edwards,Montenia,,Edwards,,200,0,0,0,
GA,40,Kimberly R. New,Kimberly,R.,New,,100,1,0,0,
GA,41,Andrea Smith,Andrea,,Smith,,100,0,0,0,
GA,41,Michael Smith,Michael,,Smith,,200,1,0,0,
GA,42,Diane E. Jackson,Diane,E.,Jackson,,100,0,0,0,
GA,42,Gabriel Sanchez,Gabriel,,Sanchez,,200,0,0,0,
GA,42,Teri Anulewicz,Teri,,Anulewicz,,200,1,0,0,
GA,43,Solomon Adesanya,Solomon,,Adesanya,,200,1,0,0,
GA,44,Danielle Bell,Danielle,,Bell,,200,0,0,0,
GA,44,Don L. Parsons,Don,L.,Parsons,,100,1,0,0,
GA,45,Eric Castater,Eric,,Castater,,200,0,0,0,
GA,45,Sharon Cooper,Sharon,,Cooper,,100,1,0,0,
GA,46,John K. Carson,John,K.,Carson,,100,1,0,0,
GA,46,Micheal Garza,Micheal,,Garza,,200,0,0,0,
GA,47,Anthia Carter,Anthia,,Carter,,200,0,0,0,
GA,47,Debra Shigley,Debra,,Shigley,,200,0,0,0,
GA,47,Jan Jones,Jan,,Jones,,100,1,0,0,
GA,47,"P. ""Phoebe"" Eckhardt",P.,Phoebe,Eckhardt,,100,0,0,0,
GA,48,Laura Murvartian,Laura,,Murvartian,,200,0,0,0,
GA,48,Scott Hilton,Scott,,Hilton,,100,1,0,0,
GA,49,Charles Squires,Charles,,Squires,,200,0,0,0,
GA,49,Grace Demit,Grace,,Demit,,200,0,0,0,
GA,49,Chuck Martin,Chuck,,Martin,,100,1,0,0,
GA,49,Michael Gordon,Michael,,Gordon,,100,0,0,0,
GA,50,Michelle Au,Michelle,,Au,,200,1,0,0,
GA,50,Narender Reddy,Narender,,Reddy,,100,0,0,0,
GA,51,Derek Keith Gettmann,Derek,Keith,Gettmann,,100,0,0,0,
GA,51,Esther Panitch,Esther,,Panitch,,200,1,0,0,
GA,52,Robert Brandon McNeily,Robert,Brandon,McNeily,,100,0,0,0,
GA,52,Shea Roberts,Shea,,Roberts,,200,1,0,0,
GA,53,Deborah Silcox,Deborah,,Silcox,,100,1,0,0,
GA,53,Susie Greenberg,Susie,,Greenberg,,200,0,0,0,
GA,54,Betsy Holland,Betsy,,Holland,,200,1,0,0,
GA,54,"Samantha ""Sam"" Brown-Parks",Samantha,Sam,Brown-Parks,,100,0,0,0,
GA,55,Inga S. Willis,Inga,S.,Willis,,200,1,0,0,
GA,55,Samuel S. Lenaeus,Samuel,S.,Lenaeus,,100,0,0,0,
GA,56,Adalina 'Ada' Merello,Adalina,Ada',Merello,,200,0,0,0,
GA,56,Bryce Berry,Bryce,,Berry,,200,0,0,0,
GA,56,Corwin CP Monson,Corwin,CP,Monson,,200,0,0,0,
GA,56,Dawn Samad,Dawn,,Samad,,200,0,0,0,
GA,56,"William ""Leonard"" Watkins",William,Leonard,Watkins,,200,0,0,0,
GA,56,Mesha K. Mainor,Mesha,K.,Mainor,,100,1,0,0,
GA,57,Julie Allen,Julie,,Allen,,100,0,0,0,
GA,57,Stacey Evans,Stacey,,Evans,,200,1,0,0,
GA,58,Park Elizabeth Cannon,Park,Elizabeth,Cannon,,200,1,0,0,
GA,59,Maurice Mpayamaguru,Maurice,,Mpayamaguru,,100,0,0,0,
GA,59,Phil Olaleye,Phil,,Olaleye,,200,1,0,0,
GA,60,Cathy G. Henson,Cathy,G.,Henson,,100,0,0,0,
GA,60,Diane Clair,Diane,,Clair,,200,0,0,0,
GA,60,Sheila Jones,Sheila,,Jones,,200,1,0,0,
GA,61,De'Lonn Brown,De'Lonn,,Brown,,200,0,0,0,
GA,61,Mekyah McQueen,Mekyah,,McQueen,,200,0,0,0,
GA,62,Tanya F. Miller,Tanya,F.,Miller,,200,1,0,0,
GA,63,Kim Schofield,Kim,,Schofield,,200,1,0,0,
GA,64,Cassaundra Burks,Cassaundra,,Burks,,100,0,0,0,
GA,64,Sylvia Wayfer Baker,Sylvia,Wayfer,Baker,,200,0,0,0,
GA,65,De'Andre S. Pickett,De'Andre,S.,Pickett,,200,0,0,0,
GA,65,Mel Keyton,Mel,,Keyton,,200,0,0,0,
GA,65,Robert Dawson,Robert,,Dawson,,200,0,0,0,
GA,65,Sam Wakefield,Sam,,Wakefield,,200,0,0,0,
GA,66,Kimberly Alexander,Kimberly,,Alexander,,200,1,0,0,
GA,67,Kevin G. Smith,Kevin,G.,Smith,,100,0,0,0,
GA,67,Lydia Glaize,Lydia,,Glaize,,200,1,0,0,
GA,67,Matthew Hammett,Matthew,,Hammett,,100,0,0,0,
GA,68,Derrick L. Jackson,Derrick,L.,Jackson,,200,1,0,0,
GA,69,Bobby B. Ferrell,Bobby,B.,Ferrell,,200,0,0,0,
GA,69,Cobie Lyrix Brown,Cobie,Lyrix,Brown,,200,0,0,0,
GA,69,Debra Bazemore,Debra,,Bazemore,,200,1,0,0,
GA,69,Jared Daigre,Jared,,Daigre,,200,0,0,0,
GA,69,Ray Mills,Ray,,Mills,,200,0,0,0,
GA,70,Diane Boulai,Diane,,Boulai,,200,0,0,0,
GA,70,Lynn Smith,Lynn,,Smith,,100,1,0,0,
GA,71,"Justin ""Jutt"" Howard",Justin,Jutt,Howard,,100,0,0,0,
GA,71,Marc Lattanzio,Marc,,Lattanzio,,100,0,0,0,
GA,71,Kwasi Hudson,Kwasi,,Hudson,,200,0,0,0,
GA,72,David Huddleston,David,,Huddleston,,100,1,0,0,
GA,72,Rodney R. Moore,Rodney,R.,Moore,,200,0,0,0,
GA,73,Josh Bonner,Josh,,Bonner,,100,1,0,0,
GA,73,Tim Wilkinson,Tim,,Wilkinson,,200,0,0,0,
GA,73,Tom Thomason,Tom,,Thomason,,200,0,0,0,
GA,74,Maggy Martinez,Maggy,,Martinez,,200,0,0,0,
GA,74,Robert Flournoy Jr,Robert,,Flournoy,Jr,200,0,0,0,
GA,75,Eric W. Bell II,Eric,W.,Bell,II,200,1,0,0,
GA,75,Michael Glanton Jr.,Michael,Glanton,Jr.,,200,0,0,0,
GA,76,Sandra Givens Scott,Sandra,Givens,Scott,,200,1,0,0,
GA,77,Rhonda Michelle Burnough,Rhonda,Michelle,Burnough,,200,1,0,0,
GA,78,Demetrius Douglas,Demetrius,,Douglas,,200,1,0,0,
GA,79,Yasmin Neal,Yasmin,,Neal,,200,1,0,0,
GA,80,Brian Anderson,Brian,,Anderson,,100,0,0,0,
GA,80,Long Tran,Long,,Tran,,200,1,0,0,
GA,81,Lauren Daniel,Lauren,,Daniel,,100,1,0,0,
GA,81,Noelle Kahaian,Noelle,,Kahaian,,100,0,0,0,
GA,81,Mishael White,Mishael,,White,,200,0,0,0,
GA,82,Anthony Dickson,Anthony,,Dickson,,200,0,0,0,
GA,82,Karen I. Mathiak,Karen,I.,Mathiak,,100,1,0,0,
GA,83,Catherine S. Bernard,Catherine,S.,Bernard,,100,0,0,0,
GA,83,Karen Lupton,Karen,,Lupton,,200,1,0,0,
GA,84,Hunter Kemp,Hunter,,Kemp,,200,0,0,0,
GA,84,Mary Margaret Oliver,Mary,Margaret,Oliver,,200,1,0,0,
GA,85,Karla L. Drenner,Karla,L.,Drenner,,200,1,0,0,
GA,86,"Barry ""Z"" Zisholtz",Barry,Z,Zisholtz,,100,0,0,0,
GA,86,Imani Barnes,Imani,,Barnes,,200,1,0,0,
GA,87,Viola Davis,Viola,,Davis,,200,1,0,0,
GA,88,Billy Mitchell,Billy,,Mitchell,,200,1,0,0,
GA,88,William Park Freeman,William,Park,Freeman,,100,0,0,0,
GA,89,Omari Crawford,Omari,,Crawford,,200,1,0,0,
GA,90,Becky Evans,Becky,,Evans,,200,1,0,0,
GA,90,Saira Draper,Saira,,Draper,,200,1,0,0,
GA,91,Angela Moore,Angela,,Moore,,200,1,0,0,
GA,91,Dee Dawkins-Haigler,Dee,,Dawkins-Haigler,,200,0,0,0,
GA,91,Marcus Akins,Marcus,,Akins,,200,0,0,0,
GA,92,Rhonda S. Taylor,Rhonda,S.,Taylor,,200,1,0,0,
GA,93,Doreen Carter,Doreen,,Carter,,200,1,0,0,
GA,94,Karen L. Bennett,Karen,L.,Bennett,,200,1,0,0,
GA,95,Dar'Shun Nicole Kendrick,Dar'Shun,Nicole,Kendrick,,200,1,0,0,
GA,96,Arlene Beckles,Arlene,,Beckles,,200,0,0,0,
GA,96,Neva Thompson,Neva,,Thompson,,200,0,0,0,
GA,96,Sonia Lopez,Sonia,,Lopez,,200,0,0,0,
GA,97,Michael Allen Corbin,Michael,Allen,Corbin,,100,0,0,0,
GA,97,Ruwa Romman,Ruwa,,Romman,,200,1,0,0,
GA,98,Jorge Luis Granados,Jorge,Luis,Granados,,200,0,0,0,
GA,98,Marvin Lim,Marvin,,Lim,,200,1,0,0,
GA,99,Matt Reeves,Matt,,Reeves,,100,1,0,0,
GA,99,Michelle Kang,Michelle,,Kang,,200,0,0,0,
GA,100,David Clark,David,,Clark,,100,1,0,0,
GA,100,Michael Day,Michael,,Day,,100,0,0,0,
GA,100,Jennifer Ambler,Jennifer,,Ambler,,200,0,0,0,
GA,101,Kendra Biegalski,Kendra,,Biegalski,,100,0,0,0,
GA,101,Scott Holcomb,Scott,,Holcomb,,200,1,0,0,
GA,102,Gabe Okoye,Gabe,,Okoye,,200,1,0,0,
GA,102,J. Scott Vandiver,J.,Scott,Vandiver,,100,0,0,0,
GA,103,Chris Luchey,Chris,,Luchey,,200,0,0,0,
GA,103,Soo Hong,Soo,,Hong,,100,1,0,0,
GA,104,Chuck Efstration,Chuck,,Efstration,,100,1,0,0,
GA,105,Farooq Mughal,Farooq,,Mughal,,200,1,0,0,
GA,105,Sandy Donatucci,Sandy,,Donatucci,,100,0,0,0,
GA,106,Shelly Hutchinson,Shelly,,Hutchinson,,200,1,0,0,
GA,107,Hai Cao,Hai,,Cao,,100,0,0,0,
GA,107,Sam Park,Sam,,Park,,200,1,0,0,
GA,108,Elvia Davila,Elvia,,Davila,,100,0,0,0,
GA,108,Jasmine Clark,Jasmine,,Clark,,200,1,0,0,
GA,109,Dewey L. McClain,Dewey,L.,McClain,,200,1,0,0,
GA,110,Charles Lollar,Charles,,Lollar,,100,0,0,0,
GA,110,Segun Adeyina,Segun,,Adeyina,,200,1,0,0,
GA,111,Rey Martinez,Rey,,Martinez,,100,1,0,0,
GA,111,Scott T. Jackson,Scott,T.,Jackson,,200,0,0,0,
GA,112,Bruce Williamson,Bruce,,Williamson,,100,1,0,0,
GA,113,Karla Daniels Hooper,Karla,Daniels,Hooper,,200,0,0,0,
GA,113,Sharon Henderson,Sharon,,Henderson,,200,1,0,0,
GA,114,Tim Fleming,Tim,,Fleming,,100,1,0,0,
GA,115,Regina Lewis-Ward,Regina,,Lewis-Ward,,200,1,0,0,
GA,116,El-Mahdi Holly,El-Mahdi,,Holly,,200,1,0,0,
GA,116,Reign Stevens,Reign,,Stevens,,100,0,0,0,
GA,117,Mary Ann Santos,Mary,Ann,Santos,,200,0,0,0,
GA,118,Clint Crowe,Clint,,Crowe,,100,1,0,0,
GA,118,Sharonda Bell,Sharonda,,Bell,,200,0,0,0,
GA,119,Holt Persinger,Holt,,Persinger,,100,1,0,0,
GA,120,Andrew Ferguson,Andrew,,Ferguson,,200,0,0,0,
GA,120,Houston Gaines,Houston,,Gaines,,100,1,0,0,
GA,121,Courtney Frisch,Courtney,,Frisch,,200,0,0,0,
GA,121,John Michael Grigsby,John,Michael,Grigsby,,100,0,0,0,
GA,121,Marcus A. Wiedower,Marcus,A.,Wiedower,,100,1,0,0,
GA,122,Spencer Frye,Spencer,,Frye,,200,1,0,0,
GA,123,Hope S. Beard,Hope,S.,Beard,,200,0,0,0,
GA,123,Rob Leverett,Rob,,Leverett,,100,1,0,0,
GA,124,Melanie M Miller,Melanie,M,Miller,,200,0,0,0,
GA,124,Rickie Glenn,Rickie,,Glenn,,200,0,0,0,
GA,124,Trey Rhodes,Trey,,Rhodes,,100,1,0,0,
GA,125,Gary Richardson,Gary,,Richardson,,100,0,0,0,
GA,125,CJ Pearson,CJ,,Pearson,,100,0,1,0,
GA,125,Kay Turner,Kay,,Turner,,200,0,0,0,
GA,126,L C Myles Jr,L,C,Myles,Jr,200,0,0,0,
GA,126,William C. Harris,William,C.,Harris,,100,0,0,0,
GA,127,Mark Newton,Mark,,Newton,,100,1,0,0,
GA,128,Mack Jackson,Mack,,Jackson,,200,1,0,0,
GA,128,Tracy Wheeler,Tracy,,Wheeler,,100,0,0,0,
GA,129,Karlton L. Howard,Karlton,L.,Howard,,200,1,0,0,
GA,129,Scott Cambers,Scott,,Cambers,,200,0,0,0,
GA,130,Lynn Gladney,Lynn,,Gladney,,200,1,0,0,
GA,131,Benjamin Shawn Cairns,Benjamin,Shawn,Cairns,,100,0,0,0,
GA,131,David Christian Byrne,David,Christian,Byrne,,100,0,0,0,
GA,131,Paul Abbott,Paul,,Abbott,,100,0,0,0,
GA,131,Rob Clifton,Rob,,Clifton,,100,0,0,0,
GA,131,Russell A. Wilder,Russell,A.,Wilder,,100,0,0,0,
GA,131,Heather Rose White,Heather,Rose,White,,200,0,0,0,
GA,132,Brian L. Prince,Brian,L.,Prince,,200,1,0,0,
GA,133,Danny Mathis,Danny,,Mathis,,100,1,0,0,
GA,134,Joshua Lewis,Joshua,,Lewis,,100,0,0,0,
GA,134,Robert L. Dickey III,Robert,L.,Dickey,III,100,1,0,0,
GA,135,Beth Camp,Beth,,Camp,,100,1,0,0,
GA,136,David Jenkins,David,,Jenkins,,100,1,0,0,
GA,136,Jeff Lowe,Jeff,,Lowe,,200,0,0,0,
GA,136,Michael J. Riesen,Michael,J.,Riesen,,100,0,0,0,
GA,137,Carlton Mahone Sr,Carlton,Mahone,Sr,,200,0,0,0,
GA,137,Debbie G. Buckner,Debbie,G.,Buckner,,200,1,0,0,
GA,137,Stephen Acorn,Stephen,,Acorn,,100,0,0,0,
GA,138,Vance C. Smith Jr,Vance,C.,Smith,Jr,100,1,0,0,
GA,139,Carl Sprayberry,Carl,,Sprayberry,,200,0,0,0,
GA,139,Carmen Rice,Carmen,,Rice,,100,0,0,0,
GA,139,Donald R. Moeller,Donald,R,Moeller,,100,0,0,0,
GA,139,Sean Knox,Sean,,Knox,,100,0,0,0,
GA,139,Robert Mallard,Robert,,Mallard,,300,0,0,0,Independent Write-In
GA,140,Alyssa Nia Williams,Alyssa,Nia,Williams,,200,0,0,0,
GA,140,Tremaine Teddy Reese,Tremaine,Teddy,Reese,,200,1,0,0,
GA,141,Carolyn F. Hugley,Carolyn,F.,Hugley,,200,1,0,0,
GA,142,Calvin Dennis Palmer,Calvin,Dennis,Palmer,,100,0,0,0,
GA,142,Miriam Paris,Miriam,,Paris,,200,1,0,0,
GA,143,Anissa Jones,Anissa,,Jones,,200,0,0,0,
GA,143,Barbara Boyer,Barbara,,Boyer,,100,0,0,0,
GA,144,Anita Hyland,Anita,,Hyland,,200,0,0,0,
GA,144,Dale Washburn,Dale,,Washburn,,100,1,0,0,
GA,145,Donald L. Druitt Sr,Donald,L.,Druitt,Sr,200,0,0,0,
GA,145,Juawn Jackson,Juawn,,Jackson,,200,0,0,0,
GA,145,Tangie Herring,Tangie,,Herring,,200,0,0,0,
GA,145,De'Ron Rogers,De'Ron,,Rogers,,100,0,0,0,
GA,145,Nancy Hicks,Nancy,,Hicks,,100,0,0,0,
GA,145,Noah Redding Harbuck,Noah,Redding,Harbuck,,100,0,0,0,
GA,146,Shaw Blackmon,Shaw,,Blackmon,,100,1,0,0,
GA,147,Ariel Phillips,Ariel,,Phillips,,200,0,0,0,
GA,147,Bethany Ballard,Bethany,,Ballard,,100,1,0,0,
GA,148,Noel W. Williams Jr,Noel,W.,Williams,Jr,100,1,0,0,
GA,149,Floyd Griffin,Floyd,,Griffin,,200,0,0,0,
GA,149,Ken Vance,Ken,,Vance,,100,1,0,0,
GA,149,Phyllis Tufts Hightower,Phyllis,Tufts,Hightower,,200,0,0,0,
GA,150,Cary Moore,Cary,,Moore,,100,0,0,0,
GA,150,Patty Marie Stinson,Patty,Marie,Stinson,,200,1,0,0,
GA,151,Mike Cheokas,Mike,,Cheokas,,100,1,0,0,
GA,152,"William J. ""Bill"" Yearta",William,"J. ""Bill""",Yearta,,100,1,0,0,
GA,153,Brenda Battle,Brenda,,Battle,,100,0,0,0,
GA,153,David Sampson,David,,Sampson,,200,1,0,0,
GA,153,Joshua Anthony,Joshua,,Anthony,,200,0,0,0,
GA,153,Tracy Taylor,Tracy,,Taylor,,200,0,0,0,
GA,154,Gerald E. Greene,Gerald,E.,Greene,,100,1,0,0,
GA,154,Othellious Cato,Othellious,,Cato,,200,0,0,0,
GA,155,Matt Hatchett,Matt,,Hatchett,,100,1,0,0,
GA,156,Leesa Hagan,Leesa,,Hagan,,100,1,0,0,
GA,157,"William ""Bill"" Werkheiser",William,Bill,Werkheiser,,100,1,0,0,
GA,158,Butch Parrish,Butch,,Parrish,,100,1,0,0,
GA,158,Madeline Ryan Smith,Madeline,Ryan,Smith,,200,0,0,0,
GA,159,Jon G. Burns,Jon,G.,Burns,,100,1,0,0,
GA,160,Lehman Franklin,Lehman,,Franklin,,100,1,0,0,
GA,161,Bill Hitchens,Bill,,Hitchens,,100,1,0,0,
GA,162,Carl W. Gilliard,Carl,W.,Gilliard,,200,1,0,0,
GA,162,Keith Padgett,Keith,,Padgett,,100,0,0,0,
GA,162,Tami Williams,Tami,,Williams,,100,0,0,0,
GA,163,Anne Allen Westbrook,Anne,Allen,Westbrook,,200,1,0,0,
GA,164,Ron Stephens,Ron,,Stephens,,100,1,0,0,
GA,165,Edna Jackson,Edna,,Jackson,,200,1,0,0,
GA,166,Gay Fortson,Gay,,Fortson,,200,0,0,0,
GA,166,Jesse L. Petrea,Jesse,L.,Petrea,,100,1,0,0,
GA,167,Buddy DeLoach,Buddy,,DeLoach,,100,1,0,0,
GA,167,Rebekah Moore,Rebekah,,Moore,,200,0,0,0,
GA,168,Al Williams,Al,,Williams,,200,1,0,0,
GA,168,Henry L. Covington,Henry,L.,Covington,,200,0,0,0,
GA,169,Angie O'Steen,Angie,,O'Steen,,100,0,0,0,
GA,169,Theresa R. Rewis,Theresa,R.,Rewis,,200,0,0,0,
GA,169,William E. Roberts,William,E.,Roberts,,100,0,0,0,
GA,170,Donny Roberson,Donny,,Roberson,,100,0,0,0,
GA,170,Jaclyn Dixon Ford,Jaclyn,Dixon,Ford,,100,0,0,0,
GA,171,Crosby Steen,Crosby,,Steen,,100,0,0,0,
GA,171,Joe Campbell,Joe,,Campbell,,100,1,0,0,
GA,172,"Charles ""Chas"" Cannon",Charles,Chas,Cannon,,100,1,0,0,
GA,173,Darlene K. Taylor,Darlene,K.,Taylor,,100,1,0,0,
GA,173,Theresa Thomas,Theresa,,Thomas,,200,0,0,0,
GA,174,John Corbett,John,,Corbett,,100,1,0,0,
GA,175,Anissa Knight Wiseman,Anissa,Knight,Wiseman,,200,0,0,0,
GA,175,John Lahood,John,,Lahood,,100,1,0,0,
GA,176,James D. Burchett,James,D.,Burchett,,100,1,0,0,
GA,177,Clay Griner,Clay,,Griner,,100,0,0,0,
GA,177,Dexter Sharper,Dexter,,Sharper,,200,1,0,0,
GA,178,Steven Meeks,Steven,,Meeks,,100,1,0,0,
GA,179,Rick Townsend,Rick,,Townsend,,100,1,0,0,
GA,180,David L. Rainer,David,L.,Rainer,,100,0,0,0,
GA,180,Glenn Cook,Glenn,,Cook,,100,0,0,0,
GA,180,Steven Sainz,Steven,,Sainz,,100,1,0,0,
GA,180,Defonsio Daniels,Defonsio,,Daniels,,200,0,0,0,